名字,日期,总场次,废场,人次,上座率,票价
战狼2,20170805,93078,9964,871.41万,68.18%,37.3
战狼2,20170730,92023,7722,876.95万,65.96%,36.9
变形金刚5：最后的骑士,20170623,113498,16941,797.47万,85.53%,38
战狼2,20170729,86968,8825,777.32万,61.46%,36.8
复仇者联盟4：终局之战,20190424,98124,103079,530.45万,40.51%,53.9
战狼2,20170801,97875,10267,765.46万,54.79%,36.4
战狼2,20170802,101884,9099,752.2万,52.07%,36.4
战狼2,20170731,91455,8122,720.28万,54.48%,36.2
变形金刚5：最后的骑士,20170624,100939,27838,626.89万,76.91%,39
西游伏妖篇,20170128,53486,6638,586.15万,78.99%,41.6
战狼2,20170804,81175,8992,649.42万,60.21%,36.6
复仇者联盟4：终局之战,20190427,84203,94776,433.27万,39.34%,52.9
战狼2,20170728,77478,7971,603.73万,53.67%,36.2
战狼2,20170803,80403,8236,583.31万,55.32%,36.4
加勒比海盗5：死无对证,20170528,79193,14013,547.78万,75.73%,37.3
战狼2,20170806,61968,16142,498.56万,55.19%,38.2
变形金刚5：最后的骑士,20170625,96629,29453,491.75万,62.18%,38.6
神偷奶爸3,20170708,76184,11041,523.17万,75.47%,36.3
加勒比海盗5：死无对证,20170529,76868,13271,513.11万,72.41%,37
复仇者联盟4：终局之战,20190426,81082,97422,349.62万,32.85%,52.1
速度与激情8,20170414,73150,56487,475.22万,69.64%,38.2
神偷奶爸3,20170709,78729,9831,500.2万,69.66%,36
速度与激情7,20150412,30303,2311,375.46万,76.01%,47.2
三生三世十里桃花,20170803,56479,5569,452.15万,56.77%,35.9
神偷奶爸3,20170707,66285,7987,451.97万,75.36%,35.8
加勒比海盗5：死无对证,20170530,70623,12383,436.23万,66.29%,36.7
速度与激情8,20170415,67519,65352,403.59万,64.23%,39.5
加勒比海盗5：死无对证,20170526,75117,6713,432.17万,61.35%,36.7
美国队长3：英雄内战,20160507,40412,2125,338.28万,50.68%,46.1
悟空传,20170713,72420,7750,428.63万,65.93%,36.3
悟空传,20170715,72455,8942,412.76万,64.21%,36.9
魔兽,20160608,49907,2700,321.53万,39.14%,46.4
速度与激情8,20170416,76660,56275,367.96万,52.3%,40.2
流浪地球,20190209,43251,81806,288.65万,42.17%,50.8
复仇者联盟3：无限战争,20180513,75430,85044,360.53万,34.45%,40.5
寻龙诀,20151219,36745,1600,309.7万,50.91%,47
复仇者联盟4：终局之战,20190425,80882,101102,277.04万,25.84%,52.4
流浪地球,20190210,45503,84492,289.4万,40.36%,50
悟空传,20170716,69893,8177,392.37万,63.34%,36.7
星球大战：原力觉醒,20160109,37381,3220,297.1万,45.78%,48.5
三生三世十里桃花,20170804,69130,11456,396.12万,41.02%,35.9
魔兽,20160609,47239,3270,294.2万,38.2%,47.9
大闹天竺,20170128,41307,5287,376.56万,80.33%,37.3
悟空传,20170714,70613,9638,382.63万,60.74%,36.4
疯狂的外星人  2D,20190205,29621,56449,276.95万,59.58%,49.5
新木乃伊,20170610,67040,19280,373.56万,59.86%,36.7
港囧,20150926,38956,1897,334.58万,51.48%,40.7
新木乃伊,20170609,67379,16990,374.74万,59.55%,36.2
西游伏妖篇,20170129,36912,4338,327.06万,62.65%,41.4
寻龙诀,20151220,37682,1658,276.12万,44.23%,47.1
加勒比海盗5：死无对证,20170527,65253,19393,348.34万,56.47%,37.2
港囧,20150927,36140,1622,311.44万,51.1%,41.5
流浪地球,20190214,42944,71154,269.08万,38.76%,47.4
流浪地球,20190208,38174,79740,244.82万,41.38%,51.1
复仇者联盟2：奥创纪元,20150516,29585,1182,249.39万,52%,49.9
流浪地球,20190211,46182,84746,254.92万,34.7%,48.5
神偷奶爸3,20170710,72518,9704,351.91万,52.5%,35
美国队长3：英雄内战,20160506,39379,2156,268.24万,40.4%,45.5
速度与激情7,20150418,26974,1626,247.4万,54.96%,48.5
新木乃伊,20170611,62049,11830,328.62万,55.45%,36.5
港囧,20150925,38410,2622,299.44万,47.17%,39.9
神偷奶爸3,20170711,72183,10755,337.97万,50.31%,34.9
变形金刚5：最后的骑士,20170626,81786,28946,316.76万,45.93%,36.5
三生三世十里桃花,20170805,57351,14490,316.53万,40.92%,36.3
疯狂动物城,20160312,28863,1589,250.78万,54.53%,45.6
美国队长3：英雄内战,20160508,41661,0,246.75万,37.5%,46.3
神偷奶爸3,20170712,69111,11124,318.87万,49.44%,34.9
飞驰人生,20190205,30378,57589,228.47万,54.57%,48.4
变形金刚5：最后的骑士,20170627,76763,28686,301.98万,46.37%,36.3
叶问.,20160305,34657,2278,235.4万,39.1%,46.3
流浪地球,20190207,31489,67933,207.94万,44.57%,52.4
后来的我们,20180428,47104,55942,308.25万,46.19%,34.8
西虹市首富,20180729,47353,28540,292.24万,45.85%,36.5
复仇者联盟4：终局之战,20190428,76945,97249,207.03万,20.22%,51.5
悟空传,20170717,64095,9948,293.67万,51.75%,35.9
复仇者联盟2：奥创纪元,20150512,29330,1002,222.34万,45.77%,47.3
爱情公寓,20180810,37990,42169,282.84万,60.78%,37
战狼2,20170808,64517,51716,287.15万,30.92%,36.4
速度与激情：特别行动,20190823,60005,123847,253.67万,26.94%,41
寻龙诀,20151218,33929,1462,224.16万,39.49%,46.3
疯狂动物城,20160313,32110,1416,225.34万,43.57%,45.7
我不是药神,20180708,53124,101043,277.66万,35.76%,37
战狼2,20170807,57221,37642,276.75万,33.4%,37
悟空传,20170718,59764,10298,278.89万,52.02%,35.8
速度与激情7,20150419,26761,1268,205.59万,45.95%,48.5
侏罗纪世界,20150613,25603,894,209.72万,47.45%,47.3
流浪地球,20190212,45805,85644,209.11万,28.92%,47.3
后来的我们,20180429,51806,71084,278.54万,37.04%,35.2
魔兽,20160610,45586,4116,201.68万,26.97%,47.9
新喜剧之王,20190205,27956,52669,200.61万,55.69%,48.2
星球大战：原力觉醒,20160110,34031,2315,196.08万,33.24%,48.9
蝙蝠侠大战超人：正义黎明,20160326,32112,1810,207.5万,37.77%,46.2
惊奇队长,20190308,56810,98544,232.12万,25.83%,41.2
摔跤吧！爸爸,20170520,39414,7451,295.14万,86.88%,32.3
我不是药神,20180707,48414,100814,253.59万,35.71%,37.2
恶棍天使,20151225,28826,964,239.83万,54.14%,39.2
疯狂的外星人  2D,20190206,29944,67823,193.41万,41.58%,48.4
哪吒之魔童降世,20190804,50424,94307,243.02万,33.06%,38.5
神奇女侠,20170603,46998,18263,245万,56.8%,38
建军大业,20170728,59318,12573,280.58万,40.48%,33
唐人街探案2,20180216,25890,37765,228.58万,75.01%,40.4
惊奇队长,20190309,56082,103647,220.55万,24.82%,41.7
流浪地球,20190216,45535,82727,194.46万,26.43%,47.1
功夫瑜伽,20170128,26922,3047,230.02万,87.62%,39.8
战狼2,20170727,25668,2285,252.22万,67.67%,36.3
速度与激情7,20150413,27488,1467,194.94万,43.06%,46.9
恶棍天使,20151224,26946,3891,233.49万,58.41%,39.1
建军大业,20170729,55847,13577,272.48万,41.33%,33.3
唐人街探案2,20180220,32016,45833,219.88万,48.34%,41.2
唐人街探案2,20180219,31044,47952,218.66万,50.74%,41.4
叶问.,20160304,33151,2193,196.9万,33.96%,46
捉妖记,20150718,17860,995,192.71万,64.49%,47
复仇者联盟2：奥创纪元,20150517,29444,1152,179.88万,37.52%,50.1
我和我的祖国,20191002,36420,95225,219.13万,42.25%,41.1
唐人街探案2,20180218,29509,43019,215.86万,57.22%,41.5
我和我的祖国,20191001,32902,85890,220.63万,49.01%,40.3
哪吒之魔童降世,20190803,47503,87189,229.66万,33.05%,38.7
终结者：创世纪,20150823,25213,1050,187.44万,41.5%,47.4
变形金刚5：最后的骑士,20170628,67846,30888,246.27万,41.7%,36.1
加勒比海盗5：死无对证,20170601,50879,18558,240.45万,51.13%,36.8
侏罗纪世界2,20180617,52757,85538,233.21万,29.73%,37.8
捉妖记,20150719,18681,779,187.59万,60.39%,46.9
007：幽灵党,20151114,30099,1511,213.38万,41.09%,41.2
我和我的祖国,20190930,32423,73830,217.92万,53.32%,40.2
唐人街探案2,20180217,27606,40403,215.14万,63.17%,40.5
战狼2,20170809,59451,55568,237.89万,27.66%,36.5
异形：契约,20170616,59089,20294,270.29万,49.18%,32.1
建军大业,20170730,52077,12640,259.42万,42.48%,33.3
唐人街探案2,20180221,31569,44920,210.88万,46.6%,40.8
摔跤吧！爸爸,20170513,36448,8680,265.16万,84.1%,32.4
蝙蝠侠大战超人：正义黎明,20160325,32405,1669,187.66万,33.5%,45.4
神奇女侠,20170602,48561,18158,228.26万,51.19%,37.1
碟中谍6：全面瓦解,20180831,49472,50750,215.52万,27.71%,39.2
蜘蛛侠：英雄远征,20190628,63272,86713,222.21万,23.53%,37.9
流浪地球,20190213,44181,86065,178.33万,25.46%,47
叶问.,20160306,33390,3694,180.22万,31.07%,46.3
盗墓笔记,20160805,32609,1931,187.31万,33.2%,44.2
流浪地球,20190206,23657,50491,155.59万,47.41%,53.1
神奇女侠,20170604,46490,17113,219.54万,51.11%,37.6
变形金刚5：最后的骑士,20170701,45604,19820,216.31万,50.92%,37.9
速度与激情7,20150414,28312,2178,176.07万,38.31%,46.2
疯狂的外星人  2D,20190207,29374,68244,170.94万,39.78%,47.5
西虹市首富,20180728,38604,50899,223.36万,42.63%,36.3
神奇女侠,20170605,48993,10358,223.87万,50.6%,36.1
流浪地球,20190217,45593,82314,172.68万,23.37%,46.7
神偷奶爸3,20170715,43372,5494,223.53万,70.12%,35.4
蚁人,20151017,26239,1827,164.21万,34.58%,48.2
恶棍天使,20151226,26076,2042,208.28万,49.56%,38
神偷奶爸3,20170716,44281,5090,224.75万,68.91%,35.1
新木乃伊,20170612,56495,21509,223.52万,42.29%,35.3
异形：契约,20170617,54609,23162,241.86万,47.81%,32.6
银河护卫队2,20170510,47485,12277,214.48万,44.39%,36.5
侏罗纪世界2,20180615,52366,79601,210.37万,25.92%,37.2
后来的我们,20180430,49260,74098,221.83万,31.14%,35.1
侏罗纪世界2,20180618,52723,82958,208.89万,26.43%,37
碟中谍5：神秘国度,20150912,32506,2510,178.03万,32.79%,43.3
绣春刀：修罗战场,20170719,55792,8333,251.96万,57.84%,30.6
变形金刚5：最后的骑士,20170629,56166,29492,212.03万,42.7%,36.2
侏罗纪世界2,20180616,46947,90613,200.74万,28.18%,38.3
毒液：致命守护者,20181110,46919,93345,198.43万,27.61%,38.7
海王,20181208,46589,82160,190.45万,27.5%,40.3
神奇女侠,20170606,47816,10649,212.43万,48.32%,36
红海行动,20180224,29340,38379,185.81万,41.9%,41.1
红海行动,20180225,29472,32818,184.79万,41.81%,41.2
X战警：天启,20160604,34275,2641,162.22万,28.11%,46.9
盗墓笔记,20160806,33531,2242,167.45万,29.28%,45.3
碟中谍6：全面瓦解,20180901,44438,55955,187.24万,27.55%,40.4
红海行动,20180221,25035,35552,178.4万,50.77%,42.3
港囧,20151001,22868,1874,182.53万,49.19%,41.3
战狼2,20170810,56736,58787,206.77万,25.2%,36.4
速度与激情7,20150417,24356,2527,157.52万,38.43%,47.8
西虹市首富,20180730,47852,45061,211.04万,31.99%,35.5
功夫熊猫3,20160130,40071,3607,158.14万,22.37%,47.3
我不是药神,20180709,56083,87346,208.12万,25.87%,36
我和我的祖国,20191003,34976,96865,181.07万,35.76%,41.2
大闹天竺,20170129,25352,3901,201.96万,68.56%,36.9
疯狂动物城,20160319,23466,1120,166.08万,47.17%,44.6
变形金刚5：最后的骑士,20170702,45010,19019,199.71万,48.36%,37
蜘蛛侠：英雄远征,20190629,58233,93241,189.36万,22.29%,38.9
流浪地球,20190215,43424,83204,158.05万,22.56%,46.5
小黄人大眼萌,20150913,27891,1618,159.87万,36.38%,46
唐人街探案2,20180222,30864,44001,183.23万,41.98%,40
海王,20181209,50092,78710,182.34万,24.29%,40.2
蜘蛛侠：英雄归来,20170908,49604,47118,201.61万,25.63%,36.3
战狼2,20170812,35166,43541,193.39万,35.76%,37.8
地球最后的夜晚,20181231,29708,78205,179.91万,44.38%,40.6
生化危机6：终章,20170224,38653,30598,197.35万,38.73%,37
捉妖记,20150716,23008,1247,161.67万,40.25%,45.2
煎饼侠,20150718,19698,746,185.69万,63.6%,39.2
哪吒之魔童降世,20190728,45275,85936,185.81万,27.33%,39.1
变形金刚5：最后的骑士,20170630,48649,23485,196.71万,44.72%,36.9
复仇者联盟4：终局之战,20190429,66034,93217,145.99万,16.18%,49.5
红海行动,20180222,26642,37572,173.67万,45.33%,41.6
悟空传,20170719,44148,7793,199.33万,52.83%,36.2
少年的你,20191026,47409,105736,185.46万,26.25%,38.8
夏洛特烦恼,20151007,21176,657,183.2万,53.44%,39.3
美人鱼,20160216,29819,2015,162.17万,30.19%,44.3
复仇者联盟3：无限战争,20180514,62879,77330,184.17万,20.18%,38.8
毒液：致命守护者,20181109,43033,81919,183.31万,26.38%,38.9
战狼2,20170813,37942,43761,189.74万,32.56%,37.5
异形：契约,20170618,55400,19901,219.16万,42.29%,32.3
夏洛特烦恼,20151011,25694,1013,176.51万,39.71%,39.9
中国机长,20191002,31437,78013,173.27万,44.18%,40.6
美人鱼,20160217,30778,1208,156.98万,28.49%,44.6
绣春刀：修罗战场,20170722,42344,6226,218.02万,36.05%,32.1
流浪地球,20190205,17954,30575,133.1万,58.48%,52.5
疯狂的外星人  2D,20190208,28673,64170,149.91万,38.4%,46.4
寻龙诀,20151226,16359,1247,144.01万,55.18%,48.3
唐人街探案,20160101,21970,0,177.7万,58.87%,39
绣春刀：修罗战场,20170723,43212,6164,217.05万,34.95%,31.9
美人鱼,20160221,21223,5813,151.41万,39.24%,45.6
新木乃伊,20170613,52455,26055,197.65万,39.91%,34.9
神奇女侠,20170607,45738,12119,191.43万,45.72%,36
蚁人2：黄蜂女现身,20180824,44980,58267,177.15万,24.5%,38.9
阿丽塔：战斗天使,20190223,44205,87046,162.34万,23.46%,42.4
速度与激情7,20150415,27697,1973,146.4万,32.56%,47
银河护卫队2,20170511,39700,11088,184.86万,44.82%,37
鬼吹灯之九层妖塔,20150930,22597,1118,153.54万,43.14%,44.4
前任3：再见前任,20180106,34706,51387,187.83万,40.46%,36.2
红海行动,20180220,23116,33184,159.25万,51.31%,42.7
007：幽灵党,20151113,28070,2067,168.29万,34.25%,40.4
加勒比海盗5：死无对证,20170531,51434,24171,190.5万,39.32%,35.7
绣春刀：修罗战场,20170720,51235,9316,220.54万,53.52%,30.7
哪吒之魔童降世,20190807,40662,72964,180.31万,31.07%,37.3
侏罗纪世界,20150614,18255,602,139.5万,42.96%,48.1
西游记女儿国,20180214,33240,45656,164.18万,33.5%,40.8
我不是药神,20180706,43575,88919,182.48万,28.14%,36.6
碟中谍6：全面瓦解,20180902,43855,53471,166.03万,24.66%,40.2
西虹市首富,20180731,48273,46821,188.17万,27.82%,35.4
寻龙诀,20151221,35146,1763,143.04万,24.35%,46.5
蚁人,20151018,25371,1564,138.46万,30.01%,47.9
鬼吹灯之九层妖塔,20151001,22008,1612,144.92万,40.18%,45.8
速度与激情：特别行动,20190824,51410,128079,164.09万,21.27%,40.3
蝙蝠侠大战超人：正义黎明,20160327,31012,2151,142.9万,26.7%,46.2
前任3：再见前任,20180107,37989,52941,181.84万,34.47%,36.2
007：幽灵党,20151115,29971,1385,159.95万,30.91%,41.2
悟空传,20170720,41028,7798,181.89万,51.67%,36.1
X战警：天启,20160603,33627,2894,143.29万,24.85%,45.8
我不是药神,20180714,41153,60028,181.56万,32.54%,36.1
火星救援,20151128,21019,1496,132.49万,34.06%,49.5
盗墓笔记,20160809,29561,2046,149.14万,28.86%,44
红海行动,20180223,27093,39564,159.67万,40.2%,41
惊奇队长,20190310,52672,101519,158.65万,18.84%,41.3
功夫熊猫3,20160129,38535,3467,141.73万,20.97%,46.1
复仇者联盟2：奥创纪元,20150513,28110,1738,132.07万,28.72%,49.2
蚁人,20151016,26228,2304,136.93万,28.69%,47.4
羞羞的铁拳,20171007,40036,37776,184.9万,28.69%,35
猩球崛起：终极之战,20170915,42390,40987,181.78万,27.1%,35.6
魔兽,20160611,42529,5999,133.76万,18.99%,48.4
猩球崛起：终极之战,20170916,40341,42891,176.47万,28.01%,36.5
毒液：致命守护者,20181111,48125,94605,165.22万,22.43%,38.7
京城81号2,20170707,40140,8573,175.68万,62.01%,36.4
海王,20181207,47802,76663,162.45万,21.88%,39.4
煎饼侠,20150719,19132,1062,161.91万,57.05%,39.5
飞驰人生,20190206,24368,57097,134.86万,43.3%,47.4
港囧,20151002,22703,1830,155.84万,41.86%,41
捉妖记,20150726,16751,577,133.69万,44.27%,47.2
我不是药神,20180710,53272,92549,177.57万,23.05%,35.6
复仇者联盟2：奥创纪元,20150515,27347,2322,126.24万,28.14%,49.9
羞羞的铁拳,20171006,38882,37952,180.7万,29.01%,34.8
后来的我们,20180501,47021,70760,179.23万,25.69%,35
功夫熊猫3,20160131,42317,0,132.58万,19.19%,47.4
捉妖记,20150717,17028,1353,135.56万,46.75%,46.3
老炮儿,20160101,15647,0,152.42万,65.77%,41.1
蚁人2：黄蜂女现身,20180825,41853,62107,158.19万,23.62%,39.6
建军大业,20170727,42792,7891,189.6万,33.88%,33
生化危机6：终章,20170225,38059,37259,165.78万,33.51%,37.7
变形金刚5：最后的骑士,20170706,39441,12860,174.76万,48.51%,35.7
我不是药神,20180715,44300,64531,173.01万,27.99%,35.9
阿丽塔：战斗天使,20190222,46353,84226,151.44万,21.44%,40.9
新木乃伊,20170615,47696,23218,177.56万,39.57%,34.9
悟空传,20170723,33448,4966,167.07万,36.83%,37
中国机长,20191003,31428,83703,151.59万,38.19%,40.7
疯狂的外星人  2D,20190209,28280,59792,134.91万,36.9%,45.7
寻龙诀,20151227,17686,741,127.82万,45.22%,48.1
京城81号2,20170708,38688,10529,168.29万,62.29%,36.5
蜘蛛侠：英雄归来,20170909,38900,58843,165.76万,27.66%,37
功夫瑜伽,20170129,18804,1988,154.94万,82.78%,39.5
速度与激情8,20170417,62487,54738,154.81万,26.32%,39.6
新木乃伊,20170614,48668,24456,175.28万,37.91%,34.9
奇幻森林,20160416,29013,3793,133.36万,25.11%,45.9
夏洛特烦恼,20151005,17965,712,155.51万,59.15%,39.2
煎饼侠,20150717,19679,1014,157.12万,53.64%,38.7
捉妖记,20150725,16230,671,128.06万,43.62%,47.5
摔跤吧！爸爸,20170516,45239,8358,196.25万,49.35%,30.9
老炮儿,20160102,17547,0,150.08万,58.03%,40.4
爱情公寓,20180811,38360,28875,164.22万,31.49%,36.9
盗墓笔记,20160807,32791,3173,133.83万,23.73%,45.1
寒战2,20160708,23825,2605,133.29万,31.22%,45.1
悟空传,20170722,32097,5081,161.32万,38.58%,37.3
速度与激情8,20170422,48567,44183,149.4万,30.48%,40.2
黑豹,20180310,32886,42206,160.22万,30.73%,37.5
复仇者联盟3：无限战争,20180515,56760,78288,156.97万,19.01%,38.2
寒战2,20160709,22409,3144,129.05万,33.2%,46.5
寻龙诀,20151225,15762,954,119.97万,46.81%,49.9
哪吒之魔童降世,20190727,42343,80535,151.62万,23.74%,39.4
美人鱼,20160218,28912,1250,133.3万,25.39%,44.7
黑豹,20180309,34791,40275,159.85万,28.58%,37.3
我和我的祖国,20191004,32486,95781,145.48万,31.08%,40.9
速度与激情7,20150416,27503,1870,124.72万,27.7%,47.5
唐人街探案,20160102,20353,0,151.9万,51.2%,39
中国机长,20191001,28176,74585,147.73万,42.6%,40.1
疯狂动物城,20160320,24656,1206,132.85万,35.45%,44.5
阿丽塔：战斗天使,20190224,43144,84859,140.9万,20.79%,41.8
父子雄兵,20170721,39412,9689,168.11万,49.22%,35
唐人街探案2,20180223,28994,43165,149.41万,36.75%,39.3
摔跤吧！爸爸,20170529,30448,5395,187.21万,92.23%,31.4
红海行动,20180219,20221,30732,136.06万,52.85%,43.1
西虹市首富,20180804,38861,44965,159.73万,27.02%,36.6
西虹市首富,20180801,46180,48582,163.98万,25%,35.7
变形金刚5：最后的骑士,20170703,42212,17655,163.16万,41.69%,35.8
神偷奶爸3,20170714,38253,6367,168.6万,59.57%,34.7
唐人街探案,20151231,20027,1040,153.36万,52.01%,38
北京遇上西雅图之不二情书,20160429,25749,4308,145.85万,33.43%,40
建军大业,20170731,41198,10590,176.36万,37.47%,33
霍比特人3：去而复归,20150124,14264,733,111.46万,43.36%,52
羞羞的铁拳,20171008,40828,36170,165.16万,25.24%,35.1
美国队长3：英雄内战,20160514,29318,0,123.74万,25.83%,46.6
绣春刀：修罗战场,20170721,39610,7798,184万,47.33%,31.3
神偷奶爸3,20170713,37969,6375,166.93万,59.19%,34.5
羞羞的铁拳,20170930,33375,32514,171.2万,36.02%,33.7
中国机长,20191004,31941,88856,140.92万,33.41%,40.8
神奇女侠,20170608,42446,15315,161.42万,41.6%,35.6
唐人街探案2,20180224,28845,40331,145.72万,36.86%,39.4
碟中谍5：神秘国度,20150913,25669,1872,134.93万,34.01%,42.3
侏罗纪世界,20150612,24553,1863,120.61万,28.33%,47.2
少年的你,20191027,45799,107326,145.93万,21.61%,39
X战警：天启,20160605,32120,4250,121.76万,22.5%,46.7
绝地逃亡,20160721,30826,4147,131.08万,24.46%,43.4
银河护卫队2,20170506,42789,35856,140.07万,31.06%,40.6
荒野猎人,20160319,23349,1570,142.52万,36.07%,39.9
哪吒之魔童降世,20190802,41365,77413,148.75万,24.1%,38.2
飞驰人生,20190207,23923,55230,119.98万,41.45%,47.3
我和我的祖国,20191005,31684,91907,139.62万,31.54%,40.6
羞羞的铁拳,20171005,34417,41388,163.41万,29.67%,34.6
夏洛特烦恼,20151010,24328,1225,142.87万,34.53%,39.6
蜘蛛侠：英雄归来,20170910,42769,53481,153.28万,23.14%,36.7
港囧,20150930,22995,2002,140.31万,37.65%,40.1
哥斯拉2：怪兽之王,20190601,42888,78943,146.6万,23.04%,38.4
邪不压正,20180713,38591,57826,151.87万,27.83%,37
侏罗纪世界,20150620,12761,844,115.32万,54.45%,48.7
羞羞的铁拳,20171001,29175,38498,158.84万,36.36%,35.3
绝地逃亡,20160723,26926,2816,124.32万,25.81%,44.9
红海行动,20180226,30537,39735,138.12万,29.87%,40.4
蜘蛛侠：英雄远征,20190630,57096,91544,143.59万,17.17%,38.8
京城81号2,20170709,35884,8785,152.62万,61.61%,36.5
我不是药神,20180712,51886,94665,156.56万,20.85%,35.5
速度与激情：特别行动,20190825,48551,127768,136.85万,18.58%,40.6
头号玩家,20180406,32090,44356,147.46万,27.95%,37.6
唐人街探案2,20180225,29266,32186,141.37万,36.11%,39.2
中国机长,20190930,27519,66622,138.1万,40.62%,40.1
奇幻森林,20160417,29461,3451,121.2万,22.37%,45.7
复仇者联盟3：无限战争,20180520,38193,58957,141.82万,24.04%,39
西游记女儿国,20180216,17866,23867,131.62万,60.77%,41.9
父子雄兵,20170722,36711,9340,157.21万,38.1%,35.1
银河护卫队2,20170505,46700,32183,139.54万,27.77%,39.4
疯狂的外星人  2D,20190210,27959,55710,121.71万,34.74%,45.1
恶棍天使,20151227,24212,2112,144.28万,37.24%,38.1
侏罗纪世界,20150621,14426,799,115.23万,47.48%,47.6
异星觉醒,20170520,34801,12467,171.58万,55.05%,32
羞羞的铁拳,20171004,31814,44891,156.87万,31.08%,34.9
一出好戏,20180811,24034,16305,148万,52.29%,37
蚁人2：黄蜂女现身,20180826,40271,60142,138.77万,21.49%,39.4
神偷奶爸3,20170717,41483,6834,160.56万,52.53%,34.1
变形金刚4：绝迹重生,20140628,8055,0,95.28万,75.54%,57.3
流浪地球,20190219,42189,81974,121.66万,17.94%,44.8
建军大业,20170801,36697,10882,162.41万,39.36%,33.5
绣春刀：修罗战场,20170724,40705,7626,174.86万,29.61%,31
头号玩家,20180405,28794,35279,141.66万,29.46%,38.3
红海行动,20180303,25774,34309,136.01万,31.9%,39.8
火星救援,20151129,20624,1392,109.29万,28.66%,49.4
头号玩家,20180401,31774,44047,140.74万,27.63%,38.2
中国机长,20191005,32442,89679,131.97万,29.49%,40.8
我和我的祖国,20191006,31731,88725,131.06万,29.53%,40.9
西虹市首富,20180805,37217,46583,146.36万,25.74%,36.5
金刚：骷髅岛,20170325,41140,36459,138.38万,32.74%,38.6
摔跤吧！爸爸,20170530,31212,5675,171.8万,80.89%,31.1
你的名字。,20161203,35358,22173,165.59万,31.68%,32.2
北京遇上西雅图之不二情书,20160501,29589,3355,129.53万,25.41%,41.2
猩球崛起：终极之战,20170917,39863,41839,145.02万,23.16%,36.7
港囧,20151003,22149,2095,129.98万,35.42%,40.9
西虹市首富,20180727,35633,72563,151.04万,32.8%,35.2
鬼吹灯之九层妖塔,20151002,20844,2286,116.36万,34.13%,45.7
哥斯拉2：怪兽之王,20190531,57597,82485,139.11万,15.91%,38.2
绣春刀：修罗战场,20170725,40523,7952,171.65万,29.1%,30.9
寻龙诀,20151222,35423,2109,117.52万,19.89%,45.1
侏罗纪世界,20150610,24417,1818,115.12万,26.97%,46.1
哪吒之魔童降世,20190801,45320,76529,139.94万,21.88%,37.8
一出好戏,20180810,27130,30011,147.66万,46.6%,35.8
中国机长,20191006,31797,89496,128.07万,28.57%,41.2
神偷奶爸3,20170718,39425,7362,155.15万,52.54%,34
异形：契约,20170619,45226,21536,167.62万,39.02%,31.4
哪吒之魔童降世,20190805,50293,87855,139.68万,18.71%,37.6
寒战2,20160710,22394,2289,113.31万,29.31%,46.3
海王,20181215,36386,65609,131.93万,22.85%,39.5
战狼2,20170811,29568,40426,138.08万,30.7%,37.5
绣春刀：修罗战场,20170726,39763,8061,166.94万,28.76%,31
西虹市首富,20180802,45762,49394,145.75万,22.47%,35.4
使徒行者2：谍影行动,20190807,37174,69384,137.41万,28.59%,37.6
变形金刚4：绝迹重生,20140629,7913,0,89.9万,70.68%,57.3
速度与激情7,20150425,16273,1581,105.38万,36.96%,48.8
我不是药神,20180711,47156,99598,143.45万,20.92%,35.7
西游伏妖篇,20170130,27309,19729,124.71万,32.82%,41
复仇者联盟3：无限战争,20180519,35656,67713,129.73万,23.46%,39.4
羞羞的铁拳,20171003,29712,45862,146.78万,31.67%,34.9
新娘大作战,20150820,17447,2286,121.4万,41.61%,42.1
捉妖记,20150720,18127,850,111.99万,36.91%,45.7
悟空传,20170721,29363,5765,138.85万,45.69%,36.8
哪吒之魔童降世,20190731,48502,97830,134.39万,18.92%,38
北京遇上西雅图之不二情书,20160430,29286,3438,124.89万,24.78%,40.8
京城81号2,20170706,24663,4494,140.04万,76.78%,36.4
摔跤吧！爸爸,20170525,43679,10596,168.55万,44.95%,30.2
银河护卫队2,20170513,22426,6464,129.6万,57.95%,39.2
红海行动,20180227,30430,39188,125.93万,27.56%,40.3
小时代4：灵魂尽头,20150709,24221,1152,133.14万,33.12%,38.1
变形金刚5：最后的骑士,20170705,38575,20156,142.24万,39.59%,35.6
悟空传,20170724,32085,5834,139.62万,30.33%,36.3
变形金刚5：最后的骑士,20170704,38957,20512,142.37万,39.31%,35.5
绝地逃亡,20160724,26737,2359,113.58万,23.7%,44.6
金刚：骷髅岛,20170324,37708,27386,132.9万,28.82%,38.1
流浪地球,20190218,41704,82474,112万,16.81%,45.1
疯狂动物城,20160311,20912,1397,112.41万,33.95%,44.9
复仇者联盟3：无限战争,20180516,53125,72210,131.99万,16.92%,38.2
哪吒之魔童降世,20190810,36867,74381,130.18万,23.68%,38.7
三生三世十里桃花,20170806,30916,14915,136.77万,31.59%,36.8
攀登者,20190930,31294,77401,124.2万,28.04%,40.4
愤怒的小鸟,20160521,27093,2506,114.96万,24.39%,43.7
悟空传,20170725,31943,6517,138.73万,30.17%,36.2
红海行动,20180228,30997,29816,124.4万,26.11%,40.1
父子雄兵,20170723,33240,9677,142.33万,36.73%,35.1
疯狂动物城,20160306,16429,1400,108.33万,46.21%,46
老炮儿,20151227,15868,587,124.37万,59.66%,40.1
惊天魔盗团2,20160624,24798,1831,115.93万,28.89%,43
奇幻森林,20160423,20661,1455,108.2万,30.43%,45.8
狂暴巨兽,20180415,36414,57264,136.44万,23.43%,36.3
红海行动,20180218,16887,24477,111.85万,55.67%,44.1
哪吒之魔童降世,20190729,46669,85466,130.24万,18.71%,37.9
悟空传,20170726,31767,6571,135.81万,29.75%,36.3
霍比特人3：去而复归,20150125,14211,565,95.04万,37.33%,51.8
雷神3：诸神黄昏,20171104,32524,50625,132.34万,25.45%,37
夏洛特烦恼,20151004,15528,761,124.32万,56.95%,39.3
前任3：再见前任,20180105,27191,37501,135.72万,40.06%,36
哆啦A梦：伴我同行,20150531,18488,705,110.77万,34.43%,44
碟中谍5：神秘国度,20150909,30648,2908,116.42万,22.46%,41.8
哪吒之魔童降世,20190811,37678,79004,127.24万,22.44%,38.2
飞驰人生,20190208,23465,51181,104.88万,38.92%,46.4
狂暴巨兽,20180414,33569,51823,133.44万,24.88%,36.4
摔跤吧！爸爸,20170524,41383,13893,158.7万,43.82%,30.6
哪吒之魔童降世,20190806,50283,87948,130.04万,17.48%,37.3
乘风破浪,20170128,19791,2335,127.72万,72.24%,37.8
寻龙诀,20151223,34624,2935,104.92万,18.25%,46.1
复仇者联盟2：奥创纪元,20150514,27488,2504,95.79万,21.24%,50
少年的你,20191025,42525,99737,123.31万,19.75%,38.7
捉妖记,20150721,18019,920,106.22万,34.73%,44.9
老炮儿,20151226,14743,1010,118.88万,62.38%,40
雷霆沙赞！,20190405,37956,82748,120.04万,19.39%,39.5
港囧,20150928,35297,2855,117.07万,19.8%,40.5
碟中谍5：神秘国度,20150911,29799,4072,110.68万,21.97%,42.8
火星救援,20151125,24358,2426,100.6万,22.94%,47
我不是药神,20180713,34192,53450,132.46万,29.33%,35.7
荒野猎人,20160318,23488,1678,120.55万,29.9%,39.1
速度与激情8,20170418,56971,58640,120.28万,21.89%,39.1
巨齿鲨,20180810,24480,26351,115.99万,39.19%,40.5
寻龙诀,20151224,15433,2275,93.54万,36%,50.3
美人鱼,20160222,25595,1223,105.86万,22.68%,44.4
摩天营救,20180721,33285,58876,125.41万,24.34%,37.4
西虹市首富,20180803,36166,42323,130.15万,23.56%,36
摩天营救,20180722,34423,58276,125.64万,23.16%,37.3
雷神3：诸神黄昏,20171103,33752,46904,130.06万,23.53%,36
毒液：致命守护者,20181117,33379,58629,124.89万,27.03%,37.4
港囧,20151004,20804,2319,114.47万,33.13%,40.8
加勒比海盗5：死无对证,20170603,28896,12220,128.18万,57.48%,36.4
绝地逃亡,20160722,26175,4795,106.07万,22.72%,43.9
异形：契约,20170621,39607,22626,149.87万,39.83%,31
比悲伤更悲伤的故事,20190317,35332,67985,140.04万,31.16%,33.2
狂暴巨兽,20180413,33732,50046,130.46万,24.09%,35.5
速度与激情8,20170423,47731,44450,115.34万,23.57%,40.1
天将雄师,20150219,9597,488,90.72万,52.3%,50.9
羞羞的铁拳,20171002,26627,46356,130.91万,32.26%,35.2
老炮儿,20151231,14318,726,115.34万,52.61%,39.9
寻龙诀,20160101,10173,0,91.94万,57.28%,49.9
异形：契约,20170620,40933,23598,147.14万,37.63%,31.2
复仇者联盟2：奥创纪元,20150523,22609,1611,91.96万,23.38%,49.7
唐人街探案,20160103,18686,946,116.03万,39.35%,39.3
加勒比海盗5：死无对证,20170605,32486,7376,131.65万,53.67%,34.5
大黄蜂英文版,20190105,39872,115457,115.48万,18.06%,39.2
红海行动,20180302,20760,34301,113.22万,33.27%,40
黑豹,20180311,31908,42658,121.33万,23.69%,37.3
鬼吹灯之九层妖塔,20151003,18894,2376,99.31万,32.57%,45.6
小时代4：灵魂尽头,20150710,20234,1806,117.54万,35.66%,38.5
红海行动,20180304,26250,34860,114.6万,26.8%,39.5
独立日：卷土重来,20160625,19945,3644,94.72万,29.51%,47.7
京城81号2,20170710,32279,7189,125.54万,57.43%,36
摔跤吧！爸爸,20170517,40207,14103,146.53万,41.79%,30.8
超凡战队,20170512,26546,11507,128.97万,53.95%,35
飞驰人生,20190209,23256,48019,97.92万,37.42%,46
摔跤吧！爸爸,20170512,23670,5110,138.9万,72.2%,32.4
惊天魔盗团2,20160625,24198,3198,100.68万,25.54%,44.7
李茶的姑妈,20180930,34893,50951,122.28万,23.02%,36.6
正义联盟,20171119,33599,52663,122.36万,23.3%,36.6
